{"cameraMode":{"drawMode":0,"name":"Shaded","section":"Shading Mode"},"sceneLighting":true,"audioPlay":false,"sceneViewState":{"m_AlwaysRefresh":false,"showFog":true,"showSkybox":true,"showFlares":true,"showImageEffects":true,"showParticleSystems":true,"showVisualEffectGraphs":true,"m_FxEnabled":true},"in2DMode":false,"pivot":{"x":482.49407958984377,"y":187.88107299804688,"z":-24.022361755371095},"rotation":{"x":-0.07855512946844101,"y":-0.21753138303756715,"z":0.016791434958577157,"w":-0.9730017185211182},"size":205.94882202148438,"orthographic":false}