{"cameraMode":{"drawMode":0,"name":"Shaded","section":"Shading Mode"},"sceneLighting":true,"audioPlay":false,"sceneViewState":{"m_AlwaysRefresh":true,"showFog":false,"showSkybox":true,"showFlares":true,"showImageEffects":true,"showParticleSystems":true,"showVisualEffectGraphs":true,"m_FxEnabled":true},"in2DMode":false,"pivot":{"x":-8.367247581481934,"y":0.17229795455932618,"z":-3.9904112815856935},"rotation":{"x":0.7102301120758057,"y":-0.00844680517911911,"z":0.008523177355527878,"w":0.7038666605949402},"size":21.83677101135254,"orthographic":true}