{"cameraMode":{"drawMode":0,"name":"Shaded","section":"Shading Mode"},"sceneLighting":true,"audioPlay":false,"sceneViewState":{"m_AlwaysRefresh":false,"showFog":true,"showSkybox":true,"showFlares":true,"showImageEffects":true,"showParticleSystems":true,"showVisualEffectGraphs":true,"m_FxEnabled":true},"in2DMode":false,"pivot":{"x":1.0728702545166016,"y":-74.27912139892578,"z":-46.73566818237305},"rotation":{"x":0.015771444886922838,"y":-0.7781357169151306,"z":0.6278449296951294,"w":0.020387809723615648},"size":62.493045806884769,"orthographic":false}