{"cameraMode":{"drawMode":0,"name":"Shaded","section":"Shading Mode"},"sceneLighting":true,"audioPlay":false,"sceneViewState":{"m_AlwaysRefresh":false,"showFog":true,"showSkybox":true,"showFlares":true,"showImageEffects":true,"showParticleSystems":true,"showVisualEffectGraphs":true,"m_FxEnabled":true},"in2DMode":false,"pivot":{"x":268.3325500488281,"y":-129.89553833007813,"z":-365.4986267089844},"rotation":{"x":0.33775976300239565,"y":-0.08174438774585724,"z":0.02945982664823532,"w":0.9372150301933289},"size":219.04270935058595,"orthographic":false}