{"cameraMode":{"drawMode":0,"name":"Shaded","section":"Shading Mode"},"sceneLighting":true,"audioPlay":false,"sceneViewState":{"m_AlwaysRefresh":false,"showFog":true,"showSkybox":true,"showFlares":true,"showImageEffects":true,"showParticleSystems":true,"showVisualEffectGraphs":true,"m_FxEnabled":true},"in2DMode":false,"pivot":{"x":27.66436195373535,"y":0.6277626156806946,"z":-18.880693435668947},"rotation":{"x":0.0009263522224500775,"y":-0.9439590573310852,"z":-0.002526375697925687,"w":-0.3302825093269348},"size":17.437957763671876,"orthographic":false}