{"cameraMode":{"drawMode":0,"name":"Shaded","section":"Shading Mode"},"sceneLighting":true,"audioPlay":false,"sceneViewState":{"m_AlwaysRefresh":false,"showFog":true,"showSkybox":true,"showFlares":true,"showImageEffects":true,"showParticleSystems":true,"showVisualEffectGraphs":true,"m_FxEnabled":true},"in2DMode":false,"pivot":{"x":23.689533233642579,"y":26.780019760131837,"z":39.435665130615237},"rotation":{"x":-0.02945791371166706,"y":0.9690064191818237,"z":-0.14347867667675019,"w":-0.19895048439502717},"size":31.48639488220215,"orthographic":true}